Model,Ngram_Range,Accuracy,Precision,Recall,F1,Training_Time
Logistic Regression,1-2,0.91240,0.90582,0.92133,0.91351,41.0
Naive Bayes,1-2,0.85920,0.84747,0.87751,0.86223,8.5
Naive Bayes,1-3,0.85850,0.84553,0.87871,0.86180,12.3
SVM,1-2,0.91370,0.90637,0.92352,0.91487,54.0
CatBoost,1-2,0.86350,0.84912,0.88548,0.86692,67.5
LightGBM,1-2,0.85280,0.83237,0.88508,0.85792,75.0
Random Forest,1-2,0.84510,0.81587,0.89305,0.85271,82.3
XGBoost,1-2,0.86780,0.85547,0.88648,0.87070,65.2
