Model,Ngram_Range,Accuracy,Precision,Recall,F1
XGBoost,1-2,0.86080,0.84894,0.87780,0.86313
XGBoost,1-3,0.85900,0.84599,0.87780,0.86160
